Jill,Edwards,1948-12-07,yorkcynthia@powell-gutierrez.info,(464)250-8769,2522.6897214484134
Natasha,Lewis,2016-12-21,scampbell@gmail.com,(714)063-8539,6854.181979594936
Carl,Banks,1936-08-24,rickymills@yahoo.com,+1-821-633-3446x46005,842.0519545369643
Jamie,Francis,1938-08-08,martinezkristin@yahoo.com,(598)011-4920x04785,5394.748886748952
Kathleen,Hale,1913-11-20,twilliams@holt-miller.com,136.890.4240x724,3289.232921969876
Jack,Johnson,1971-12-06,williamsjoshua@yahoo.com,(310)848-7512x1939,6273.39493438248
Elizabeth,Herrera,1912-08-25,hammondwilliam@medina.biz,999-678-1785,9038.380939578421
Rebecca,Chavez,1919-03-27,deanvanessa@hotmail.com,+1-550-291-7458x7735,8852.22778029672
David,Anderson,1966-03-22,jasonporter@miles.com,(439)063-9400x90165,2290.093433089931
Joseph,Bautista,1997-04-15,nathan67@gmail.com,599.984.4051x2628,2296.806319614343
Christopher,Murphy,1907-09-13,ellenhiggins@park.info,001-066-554-2696x2038,7358.489330111563
Patricia,Bennett,1938-09-09,diazadam@hotmail.com,001-563-484-5190x09284,8519.353373452645
Steven,Nelson,1967-06-08,crystal03@meyer.com,(051)412-5732x2121,1025.165968460511
Kenneth,Marshall,1963-12-03,perkinscory@hotmail.com,001-436-956-1151,967.3627805814049
Steve,Turner,1949-09-11,jenniferyang@wells-choi.com,001-624-673-1497x702,7283.7693361255915
Joseph,Lang,2010-08-10,carterjohn@gmail.com,725-233-8457,6422.192916015624
Steven,Cruz,1906-07-10,dbaker@bass.org,374.836.0052x37862,4911.8846757051215
Logan,Washington,2010-11-25,ronald74@jones-young.com,609.433.0339x0206,3432.477353951862
Lisa,Phillips,1960-07-10,kyleroberts@roach-guerrero.org,6647617817,6516.32606035308
Angela,Yoder,1923-07-14,scottmurphy@yahoo.com,(304)016-3480x761,2574.8771189903264
Tyler,Mcclure,1977-08-24,daniel02@hotmail.com,(194)391-5157x61056,3858.2200232587847
Antonio,Roberts,2013-08-23,zsmith@warren.com,(581)732-3854x31010,1018.0908749004739
Nathaniel,Diaz,1997-09-30,fullerlisa@howard.org,(108)236-5051,2026.7712000248785
Monica,Hoffman,1968-05-02,jessefrey@walker.com,008-353-3037,8145.528079634045
Tracy,Valdez,2007-12-22,glennmason@ramirez-evans.com,001-976-672-8027x433,4077.8222224240862
Christian,Sweeney,1964-06-06,hendrixjoseph@davis-parker.net,(137)611-0097x64834,1049.6361003187012
Sandra,Carr,1982-05-08,ngrant@quinn-trujillo.net,001-160-610-1547x38327,9688.47960588097
Danielle,Miller,1957-12-04,pamela11@meza.com,+1-343-448-6494x26191,9175.720302547059
Annette,Howe,1948-01-17,alejandrolawrence@yahoo.com,(391)961-9226x4404,4116.229927360341
Mary,Dixon,2015-08-27,kayleechandler@spencer.com,(074)654-3081x7955,6390.189077394247
William,Fitzpatrick,1998-02-01,kellytaylor@hotmail.com,+1-560-060-9672x50919,1665.0886292847754
Jessica,Thompson,1945-11-07,morgankaren@hunter-kidd.com,220.066.5979x3640,3363.7792420532323
Christopher,Curry,1927-01-11,nunezregina@murray.com,001-401-186-8397x731,5862.360727579481
Tony,Banks,1984-05-23,isaacclay@diaz-johnson.com,+1-461-168-9107,576.5671199817825
Michael,Dawson,2004-10-07,ramosjenna@davila.org,8233214891,7272.648119417263
Robert,Dixon,1911-11-28,nhernandez@gonzalez.com,176-625-9397x5840,1552.7783239290966
Daniel,Atkins,1984-03-07,rebeccahall@gmail.com,355-912-0180x791,5259.896375266327
Pam,Sanders,1971-10-06,darnold@higgins.com,+1-426-027-1317x326,1923.1488380617275
Heather,Logan,1915-08-27,vflores@byrd-jones.info,823-444-2345,7670.534433439329
Shannon,Smith,1929-09-23,kayla30@gmail.com,(834)882-6960x3326,4455.332919760575
Bobby,Estrada,1977-10-28,hmay@rodriguez-foster.com,(128)957-3475x02502,2910.6867262853284
Randy,Harris,1958-03-29,grossjoseph@simpson.biz,001-118-201-4584x967,8325.902171580485
Briana,Roberts,2015-10-26,meganhunt@yahoo.com,800.544.9873,4859.217988127417
Marissa,Fox,1973-11-20,moranicholas@yahoo.com,+1-963-007-6904,7757.3230797351425
Anna,Wilson,2005-04-27,sarah18@gmail.com,(752)584-9143x16562,6990.015763063689
Maria,Anderson,2007-05-27,cshaw@foster-garrison.com,+1-970-031-0939x30132,8363.122615759747
Angel,Martinez,1932-03-12,sabbott@yahoo.com,(241)976-3501,5027.9869686180145
Kathleen,Crawford,1999-03-01,anitawilson@wyatt.com,2385997341,3910.544610337788
Justin,Evans,1963-10-26,shannonnelson@gibson.com,359.825.7649x0219,7379.276228374922
Brenda,Mccarthy,1908-03-19,grogers@hotmail.com,(885)379-0810,9845.431614805402
Ricardo,Carrillo,2005-01-08,robertgray@yahoo.com,(332)823-5474x5522,9876.355321499317
Jennifer,Stewart,1978-02-25,rodriguezmichael@yahoo.com,550.252.9073x604,6490.25257562131
Barbara,Nolan,2015-03-09,walkerrichard@yahoo.com,(571)298-7270x619,6227.520384400792
Michael,Hanson,2006-11-22,zbrooks@harris.com,+1-581-868-1803x0953,8300.886513194628
Steven,Nash,2015-08-05,dustinkemp@padilla.org,(397)912-9682x41749,9505.972970380253
Dominique,Herring,1932-11-24,gallen@hotmail.com,520.390.3237x0402,7387.960440265722
Samantha,Harrington,1926-11-19,vstanley@gmail.com,605.150.4994,6971.304352911227
Amy,Parker,1948-05-01,cunninghammichael@gmail.com,(478)300-6741,4719.544216687813
Jacob,Velasquez,1926-05-30,blopez@lewis.biz,001-458-974-1307,7860.7469036228995
Sarah,Anderson,1944-07-19,lloydangela@yahoo.com,797-277-5514x3510,4692.314364982988
Veronica,Green,1912-11-20,rhonda81@hotmail.com,001-760-048-4251,4797.366271761698
Scott,Bush,2003-10-03,michael24@cox-mejia.com,6089391071,8038.214010917557
Michael,Davis,1942-09-16,courtneyfarrell@williams.com,588.370.0598x32331,5586.647714897206
Nathan,Crawford,1978-05-09,rogerssusan@gmail.com,749-224-5643x3566,5573.476021527607
Carrie,Ramirez,1916-03-28,caleb33@hotmail.com,9305783746,9926.438333904358
Robert,Munoz,1994-10-26,jacksonpatricia@trujillo-maldonado.com,001-217-714-6847x2265,3731.311540229539
Diane,Martinez,1979-06-28,justinhouston@jones.com,151.528.8050x05916,4412.340575617435
Jennifer,Hawkins,1968-12-01,christophertrevino@zuniga.biz,235.078.0509x4041,1653.622778501427
Tamara,Hernandez,1930-02-04,chodge@wright.com,(978)773-0469x5520,3428.185697343366
Jose,Jenkins,2004-02-21,valerie47@ramirez.info,(858)018-2745x59406,5125.655196873692
Ronald,Bailey,1996-11-11,ohill@roberts-reed.net,(910)273-3937x791,186.7588054339285
Jessica,Mayer,1915-12-16,pmoore@phillips.biz,721.463.4982x980,989.2559947280297
James,Ward,1995-09-18,gabriella53@hobbs.net,+1-227-048-3971x9153,4004.146827671986
Anna,Hernandez,1988-03-15,jeffrey50@hotmail.com,001-594-776-9546x014,9469.563949773396
Kyle,Roberts,1942-10-30,emily94@green.biz,001-982-826-9470x2923,5246.026152924192
Steven,Miller,1971-04-24,goodtyler@hotmail.com,(181)792-9841x81386,7312.150723654262
Russell,Davis,1991-12-05,hollandmichael@hotmail.com,(775)827-1217x234,3307.365223049799
Julia,Hall,1940-10-26,tinamann@yahoo.com,424-302-3224x02727,5876.418762491707
Jennifer,Love,1950-08-24,tammy78@watson-williams.biz,346.485.1687,5694.483234012442
Robert,Terry,2001-03-02,nlee@nicholson.net,+1-054-228-8320x1560,2279.717902358646
Rachel,Vance,1938-12-11,vanderson@yahoo.com,(739)955-7038x001,2809.4749133468813
Lisa,Walker,2008-07-13,kevinwinters@gmail.com,001-365-605-7096x24622,7337.415610320226
Christine,Mosley,2003-07-24,patricia24@rich-curry.com,+1-111-276-6458x417,3657.9422658787717
Rhonda,Adkins,1908-12-19,gallegoschristy@hernandez.net,116-658-9055,460.3468176668921
Kara,Murray,1912-12-09,pperez@hotmail.com,5596428900,7032.308205379299
Carrie,Stevens,1933-08-15,morganroth@gmail.com,870-967-5725x26653,2555.1749581821223
Mark,Clark,1920-01-22,rmartinez@gmail.com,430.465.9410,9723.447166489295
Lorraine,Cruz,2004-10-17,ericafreeman@yahoo.com,(580)503-9667,5663.343109097545
Tim,Lloyd,1998-09-27,frodriguez@gmail.com,252.263.0389,3319.1962657512895
David,Curtis,1973-05-24,klewis@hodges.com,574.130.7145x797,4775.695782424692
Christian,Thompson,1921-05-22,julieatkins@hotmail.com,(557)725-5709,6203.057341398009
Heidi,Perez,1912-03-15,vdodson@mckinney.org,903-151-9673,7899.906822012701
Anthony,Sandoval,1918-11-28,hwilliams@jenkins-drake.com,982-845-4323,1950.3171718108297
Tammie,Washington,1957-08-29,walshchristopher@yahoo.com,798.109.6560x4113,6984.194879142737
Katherine,Kaiser,1907-09-30,jonathan88@hotmail.com,480.931.8224x2515,555.9725594880765
Michelle,Franklin,1913-09-24,ryan10@hotmail.com,3833986843,7697.504803691685
Jessica,Sandoval,1968-11-01,mary48@bowman-landry.org,(195)795-5749,7796.7764847388335
Rachel,Spears,2003-11-01,john99@johnson-cox.com,(287)583-1085,504.13214695150236
Stephen,Hoover,1981-01-01,jacquelinebryant@mckinney.info,+1-451-566-1470x3257,8975.297203927184
Emma,Young,2012-11-01,mbush@burns-miller.com,+1-977-460-2367,1197.7068733406031
